task_id,instruction,condition,successes,trials,success_rate,ci95_low,ci95_high
0,open the middle drawer of the cabinet,true,0,20,0.0,0.0,0.16112515805281938
0,open the middle drawer of the cabinet,wrong,0,20,0.0,0.0,0.16112515805281938
0,open the middle drawer of the cabinet,nonsense,0,20,0.0,0.0,0.16112515805281938
1,put the wine bottle on the rack,true,0,20,0.0,0.0,0.16112515805281938
1,put the wine bottle on the rack,wrong,0,20,0.0,0.0,0.16112515805281938
1,put the wine bottle on the rack,nonsense,0,20,0.0,0.0,0.16112515805281938
2,open the top drawer and put the bowl inside,true,0,20,0.0,0.0,0.16112515805281938
2,open the top drawer and put the bowl inside,wrong,0,20,0.0,0.0,0.16112515805281938
2,open the top drawer and put the bowl inside,nonsense,0,20,0.0,0.0,0.16112515805281938
