step,perf/dataload_seconds,perf/samples_per_second,perf/update_seconds,system/gpu_memory_gb,train/episodes,train/epoch,train/grad_norm,train/learning_rate,train/loss,train/samples
50.0,0.167,91.0,0.184,2.85,11.0,0.0,16.142,2.6e-06,3.165,2000.0
100.0,0.003,209.0,0.15,2.86,22.0,0.0,7.701,7.6e-06,1.87,3000.0
150.0,0.003,208.0,0.151,2.86,32.0,0.01,5.053,1.3e-05,1.417,5000.0
200.0,0.003,218.0,0.144,2.87,43.0,0.01,4.055,1.8e-05,1.173,6000.0
250.0,0.003,215.0,0.146,2.86,54.0,0.01,3.526,2.3e-05,1.055,8000.0
300.0,0.003,213.0,0.147,2.86,65.0,0.01,3.244,2.8e-05,0.971,10000.0
350.0,0.003,213.0,0.147,2.86,75.0,0.02,3.706,3.3e-05,0.916,11000.0
400.0,0.003,213.0,0.147,2.87,86.0,0.02,3.499,3.8e-05,0.864,13000.0
450.0,0.003,212.0,0.148,2.86,97.0,0.02,3.655,4.3e-05,0.837,14000.0
500.0,0.003,213.0,0.147,2.86,108.0,0.02,3.354,4.8e-05,0.801,16000.0
550.0,0.003,214.0,0.147,2.86,118.0,0.03,3.68,5.3e-05,0.771,18000.0
600.0,0.003,218.0,0.144,2.86,129.0,0.03,3.295,5.8e-05,0.756,19000.0
650.0,0.003,212.0,0.148,2.86,140.0,0.03,3.609,6.3e-05,0.742,21000.0
700.0,0.003,211.0,0.148,2.86,151.0,0.03,3.191,6.8e-05,0.707,22000.0
750.0,0.003,214.0,0.146,2.86,161.0,0.04,3.566,7.3e-05,0.708,24000.0
800.0,0.004,209.0,0.149,2.86,172.0,0.04,3.187,7.8e-05,0.687,26000.0
850.0,0.003,215.0,0.146,2.86,183.0,0.04,3.25,8.3e-05,0.682,27000.0
900.0,0.003,221.0,0.142,2.86,194.0,0.04,2.913,8.8e-05,0.664,29000.0
950.0,0.003,223.0,0.141,2.86,204.0,0.05,3.169,9.3e-05,0.66,30000.0
1000.0,0.003,223.0,0.14,2.86,215.0,0.05,3.109,9.8e-05,0.656,32000.0
1050.0,0.003,217.0,0.144,2.86,226.0,0.05,2.988,0.0001,0.657,34000.0
1100.0,0.003,224.0,0.14,2.86,237.0,0.05,2.67,0.0001,0.63,35000.0
1150.0,0.003,220.0,0.143,2.86,248.0,0.06,2.799,0.0001,0.609,37000.0
1200.0,0.003,222.0,0.141,2.86,258.0,0.06,2.788,0.0001,0.611,38000.0
1250.0,0.003,218.0,0.144,2.86,269.0,0.06,2.905,0.0001,0.599,40000.0
1300.0,0.003,220.0,0.142,2.86,280.0,0.06,2.881,0.0001,0.614,42000.0
1350.0,0.003,221.0,0.142,2.86,291.0,0.06,2.531,0.0001,0.579,43000.0
1400.0,0.003,220.0,0.143,2.86,301.0,0.07,2.705,9.9e-05,0.589,45000.0
1450.0,0.003,223.0,0.141,2.86,312.0,0.07,2.497,9.9e-05,0.574,46000.0
1500.0,0.003,220.0,0.143,2.86,323.0,0.07,2.73,9.9e-05,0.591,48000.0
1550.0,0.003,218.0,0.144,2.86,334.0,0.07,2.271,9.9e-05,0.557,50000.0
1600.0,0.003,219.0,0.143,2.86,344.0,0.08,2.57,9.9e-05,0.584,51000.0
1650.0,0.003,221.0,0.142,2.86,355.0,0.08,2.531,9.9e-05,0.556,53000.0
1700.0,0.003,220.0,0.142,2.86,366.0,0.08,2.375,9.9e-05,0.553,54000.0
1750.0,0.003,221.0,0.142,2.86,377.0,0.08,2.206,9.9e-05,0.549,56000.0
1800.0,0.003,218.0,0.144,2.86,387.0,0.09,2.34,9.9e-05,0.537,58000.0
1850.0,0.003,220.0,0.142,2.86,398.0,0.09,2.334,9.9e-05,0.539,59000.0
1900.0,0.003,221.0,0.142,2.86,409.0,0.09,2.502,9.9e-05,0.55,61000.0
1950.0,0.003,219.0,0.143,2.86,420.0,0.09,2.132,9.9e-05,0.534,62000.0
2000.0,0.003,221.0,0.142,2.87,430.0,0.1,2.414,9.9e-05,0.545,64000.0
2050.0,0.003,215.0,0.146,2.87,441.0,0.1,2.31,9.9e-05,0.539,66000.0
2100.0,0.003,219.0,0.144,2.86,452.0,0.1,2.244,9.9e-05,0.535,67000.0
2150.0,0.003,221.0,0.142,2.86,463.0,0.1,2.369,9.9e-05,0.525,69000.0
2200.0,0.003,221.0,0.142,2.86,474.0,0.11,2.602,9.9e-05,0.548,70000.0
2250.0,0.003,222.0,0.142,2.87,484.0,0.11,2.245,9.9e-05,0.529,72000.0
2300.0,0.003,219.0,0.143,2.86,495.0,0.11,2.406,9.9e-05,0.523,74000.0
2350.0,0.003,219.0,0.143,2.86,506.0,0.11,2.415,9.9e-05,0.529,75000.0
2400.0,0.003,220.0,0.143,2.86,517.0,0.11,2.123,9.8e-05,0.513,77000.0
2450.0,0.003,221.0,0.142,2.87,527.0,0.12,2.091,9.8e-05,0.522,78000.0
2500.0,0.003,223.0,0.141,2.86,538.0,0.12,2.332,9.8e-05,0.516,80000.0
2550.0,0.002,218.0,0.145,2.86,549.0,0.12,1.991,9.8e-05,0.504,82000.0
2600.0,0.003,218.0,0.144,2.86,560.0,0.12,2.204,9.8e-05,0.517,83000.0
2650.0,0.003,223.0,0.141,2.86,570.0,0.13,2.114,9.8e-05,0.51,85000.0
2700.0,0.003,220.0,0.143,2.86,581.0,0.13,2.183,9.8e-05,0.508,86000.0
2750.0,0.003,222.0,0.141,2.86,592.0,0.13,2.13,9.8e-05,0.502,88000.0
2800.0,0.003,223.0,0.141,2.86,603.0,0.13,1.968,9.8e-05,0.501,90000.0
2850.0,0.003,222.0,0.142,2.86,613.0,0.14,2.068,9.8e-05,0.501,91000.0
2900.0,0.003,217.0,0.145,2.86,624.0,0.14,2.283,9.8e-05,0.529,93000.0
2950.0,0.003,214.0,0.147,2.86,635.0,0.14,1.878,9.8e-05,0.499,94000.0
3000.0,0.003,221.0,0.142,2.86,646.0,0.14,2.043,9.8e-05,0.501,96000.0
3050.0,0.003,216.0,0.145,2.86,656.0,0.15,2.091,9.8e-05,0.499,98000.0
3100.0,0.003,216.0,0.145,2.86,667.0,0.15,2.061,9.7e-05,0.497,99000.0
3150.0,0.003,213.0,0.147,2.86,678.0,0.15,2.164,9.7e-05,0.498,101000.0
3200.0,0.003,221.0,0.142,2.86,689.0,0.15,2.065,9.7e-05,0.496,102000.0
3250.0,0.003,224.0,0.14,2.86,700.0,0.16,2.018,9.7e-05,0.504,104000.0
3300.0,0.003,225.0,0.139,2.86,710.0,0.16,2.364,9.7e-05,0.483,106000.0
3350.0,0.003,220.0,0.143,2.86,721.0,0.16,2.099,9.7e-05,0.49,107000.0
3400.0,0.002,225.0,0.14,2.86,732.0,0.16,2.042,9.7e-05,0.491,109000.0
3450.0,0.003,219.0,0.143,2.86,743.0,0.17,1.902,9.7e-05,0.487,110000.0
3500.0,0.003,226.0,0.139,2.86,753.0,0.17,2.136,9.7e-05,0.494,112000.0
3550.0,0.003,219.0,0.143,2.86,764.0,0.17,1.966,9.7e-05,0.48,114000.0
3600.0,0.003,221.0,0.142,2.86,775.0,0.17,1.931,9.7e-05,0.473,115000.0
3650.0,0.003,219.0,0.143,2.86,786.0,0.17,1.986,9.7e-05,0.483,117000.0
3700.0,0.003,216.0,0.145,2.86,796.0,0.18,1.798,9.6e-05,0.476,118000.0
3750.0,0.003,221.0,0.142,2.86,807.0,0.18,1.844,9.6e-05,0.489,120000.0
3800.0,0.003,221.0,0.142,2.86,818.0,0.18,1.996,9.6e-05,0.479,122000.0
3850.0,0.003,221.0,0.142,2.86,829.0,0.18,2.051,9.6e-05,0.479,123000.0
3900.0,0.003,219.0,0.143,2.86,839.0,0.19,2.038,9.6e-05,0.483,125000.0
3950.0,0.003,220.0,0.143,2.86,850.0,0.19,2.256,9.6e-05,0.48,126000.0
4000.0,0.003,221.0,0.142,2.86,861.0,0.19,1.938,9.6e-05,0.472,128000.0
4050.0,0.003,220.0,0.142,2.86,872.0,0.19,1.959,9.6e-05,0.482,130000.0
4100.0,0.003,218.0,0.144,2.86,882.0,0.2,1.807,9.6e-05,0.46,131000.0
4150.0,0.002,221.0,0.143,2.86,893.0,0.2,1.884,9.6e-05,0.479,133000.0
4200.0,0.003,220.0,0.143,2.86,904.0,0.2,1.979,9.5e-05,0.463,134000.0
4250.0,0.003,222.0,0.141,2.86,915.0,0.2,1.928,9.5e-05,0.471,136000.0
4300.0,0.003,217.0,0.144,2.86,926.0,0.21,1.83,9.5e-05,0.474,138000.0
4350.0,0.003,217.0,0.145,2.86,936.0,0.21,2.001,9.5e-05,0.481,139000.0
4400.0,0.003,221.0,0.142,2.86,947.0,0.21,1.86,9.5e-05,0.455,141000.0
4450.0,0.003,221.0,0.142,2.86,958.0,0.21,1.97,9.5e-05,0.458,142000.0
4500.0,0.003,221.0,0.142,2.87,969.0,0.22,1.869,9.5e-05,0.473,144000.0
4550.0,0.003,218.0,0.144,2.86,979.0,0.22,1.851,9.5e-05,0.469,146000.0
4600.0,0.003,223.0,0.141,2.87,990.0,0.22,1.841,9.5e-05,0.476,147000.0
4650.0,0.003,216.0,0.145,2.86,1000.0,0.22,1.946,9.4e-05,0.461,149000.0
4700.0,0.003,219.0,0.143,2.86,1000.0,0.22,1.949,9.4e-05,0.459,150000.0
4750.0,0.003,220.0,0.143,2.86,1000.0,0.23,2.035,9.4e-05,0.464,152000.0
4800.0,0.003,218.0,0.144,2.86,1000.0,0.23,1.878,9.4e-05,0.455,154000.0
4850.0,0.003,219.0,0.144,2.86,1000.0,0.23,1.765,9.4e-05,0.459,155000.0
4900.0,0.003,220.0,0.143,2.86,1000.0,0.23,2.088,9.4e-05,0.466,157000.0
4950.0,0.003,218.0,0.144,2.86,1000.0,0.24,1.74,9.4e-05,0.467,158000.0
5000.0,0.003,219.0,0.143,2.86,1000.0,0.24,2.151,9.4e-05,0.464,160000.0
5050.0,0.003,232.0,0.135,2.87,1000.0,0.24,1.885,9.3e-05,0.455,162000.0
5100.0,0.003,222.0,0.141,2.86,1000.0,0.24,1.936,9.3e-05,0.459,163000.0
5150.0,0.003,220.0,0.143,2.86,1000.0,0.25,2.004,9.3e-05,0.459,165000.0
5200.0,0.003,223.0,0.141,2.87,1000.0,0.25,1.859,9.3e-05,0.464,166000.0
5250.0,0.003,223.0,0.141,2.86,1000.0,0.25,2.018,9.3e-05,0.456,168000.0
5300.0,0.003,219.0,0.143,2.86,1000.0,0.25,1.79,9.3e-05,0.461,170000.0
5350.0,0.003,216.0,0.145,2.86,1000.0,0.26,1.88,9.3e-05,0.454,171000.0
5400.0,0.003,221.0,0.142,2.86,1000.0,0.26,1.827,9.2e-05,0.459,173000.0
5450.0,0.003,218.0,0.144,2.86,1000.0,0.26,1.708,9.2e-05,0.468,174000.0
5500.0,0.003,222.0,0.141,2.86,1000.0,0.26,1.93,9.2e-05,0.448,176000.0
5550.0,0.003,219.0,0.143,2.86,1000.0,0.27,1.816,9.2e-05,0.454,178000.0
5600.0,0.003,221.0,0.142,2.86,1000.0,0.27,1.788,9.2e-05,0.457,179000.0
5650.0,0.003,220.0,0.142,2.86,1000.0,0.27,1.726,9.2e-05,0.455,181000.0
5700.0,0.003,221.0,0.142,2.86,1000.0,0.27,1.951,9.2e-05,0.45,182000.0
5750.0,0.003,220.0,0.143,2.86,1000.0,0.28,1.892,9.1e-05,0.455,184000.0
5800.0,0.002,220.0,0.143,2.86,1000.0,0.28,1.653,9.1e-05,0.449,186000.0
5850.0,0.003,221.0,0.142,2.86,1000.0,0.28,1.752,9.1e-05,0.439,187000.0
5900.0,0.003,218.0,0.144,2.86,1000.0,0.28,1.786,9.1e-05,0.45,189000.0
5950.0,0.003,221.0,0.142,2.86,1000.0,0.28,1.869,9.1e-05,0.453,190000.0
6000.0,0.003,220.0,0.143,2.86,1000.0,0.29,1.891,9.1e-05,0.448,192000.0
6050.0,0.003,221.0,0.142,2.86,1000.0,0.29,1.764,9.1e-05,0.45,194000.0
6100.0,0.003,220.0,0.143,2.86,1000.0,0.29,1.784,9e-05,0.453,195000.0
6150.0,0.003,223.0,0.141,2.86,1000.0,0.29,1.794,9e-05,0.442,197000.0
6200.0,0.003,221.0,0.142,2.86,1000.0,0.3,1.758,9e-05,0.441,198000.0
6250.0,0.002,220.0,0.143,2.86,1000.0,0.3,1.773,9e-05,0.443,200000.0
6300.0,0.003,222.0,0.141,2.86,1000.0,0.3,1.876,9e-05,0.44,202000.0
6350.0,0.003,223.0,0.141,2.86,1000.0,0.3,1.794,9e-05,0.449,203000.0
6400.0,0.002,223.0,0.141,2.87,1000.0,0.31,1.793,9e-05,0.446,205000.0
6450.0,0.003,221.0,0.142,2.86,1000.0,0.31,1.728,8.9e-05,0.45,206000.0
6500.0,0.003,218.0,0.144,2.86,1000.0,0.31,1.728,8.9e-05,0.435,208000.0
6550.0,0.003,223.0,0.141,2.86,1000.0,0.31,1.799,8.9e-05,0.451,210000.0
6600.0,0.002,222.0,0.142,2.86,1000.0,0.32,1.639,8.9e-05,0.447,211000.0
6650.0,0.003,219.0,0.144,2.86,1000.0,0.32,1.9,8.9e-05,0.457,213000.0
6700.0,0.003,219.0,0.143,2.86,1000.0,0.32,1.627,8.9e-05,0.436,214000.0
6750.0,0.003,220.0,0.143,2.86,1000.0,0.32,1.77,8.8e-05,0.445,216000.0
6800.0,0.003,223.0,0.141,2.86,1000.0,0.33,1.719,8.8e-05,0.437,218000.0
6850.0,0.003,221.0,0.142,2.86,1000.0,0.33,1.85,8.8e-05,0.442,219000.0
6900.0,0.003,220.0,0.143,2.86,1000.0,0.33,1.86,8.8e-05,0.443,221000.0
6950.0,0.003,220.0,0.143,2.86,1000.0,0.33,1.759,8.8e-05,0.427,222000.0
7000.0,0.003,225.0,0.14,2.86,2000.0,0.33,1.721,8.8e-05,0.448,224000.0
7050.0,0.003,221.0,0.142,2.86,2000.0,0.34,1.935,8.7e-05,0.446,226000.0
7100.0,0.003,213.0,0.148,2.86,2000.0,0.34,1.893,8.7e-05,0.448,227000.0
7150.0,0.003,218.0,0.144,2.86,2000.0,0.34,1.736,8.7e-05,0.433,229000.0
7200.0,0.003,221.0,0.142,2.87,2000.0,0.34,1.866,8.7e-05,0.441,230000.0
7250.0,0.003,220.0,0.143,2.87,2000.0,0.35,1.761,8.7e-05,0.43,232000.0
7300.0,0.003,220.0,0.142,2.86,2000.0,0.35,1.699,8.7e-05,0.449,234000.0
7350.0,0.003,217.0,0.145,2.86,2000.0,0.35,1.71,8.6e-05,0.44,235000.0
7400.0,0.003,217.0,0.144,2.86,2000.0,0.35,1.825,8.6e-05,0.442,237000.0
7450.0,0.003,221.0,0.142,2.86,2000.0,0.36,1.801,8.6e-05,0.439,238000.0
7500.0,0.003,218.0,0.144,2.86,2000.0,0.36,1.628,8.6e-05,0.424,240000.0
7550.0,0.003,222.0,0.141,2.86,2000.0,0.36,1.742,8.6e-05,0.433,242000.0
7600.0,0.003,222.0,0.141,2.86,2000.0,0.36,1.7,8.5e-05,0.447,243000.0
7650.0,0.003,220.0,0.142,2.86,2000.0,0.37,1.873,8.5e-05,0.449,245000.0
7700.0,0.003,210.0,0.15,2.86,2000.0,0.37,1.707,8.5e-05,0.426,246000.0
7750.0,0.003,222.0,0.142,2.86,2000.0,0.37,1.777,8.5e-05,0.437,248000.0
7800.0,0.003,221.0,0.142,2.86,2000.0,0.37,1.607,8.5e-05,0.442,250000.0
7850.0,0.002,222.0,0.141,2.86,2000.0,0.38,1.913,8.5e-05,0.436,251000.0
7900.0,0.003,220.0,0.143,2.86,2000.0,0.38,1.608,8.4e-05,0.427,253000.0
7950.0,0.003,216.0,0.145,2.86,2000.0,0.38,1.663,8.4e-05,0.434,254000.0
8000.0,0.003,222.0,0.141,2.86,2000.0,0.38,1.763,8.4e-05,0.425,256000.0
8050.0,0.003,220.0,0.143,2.86,2000.0,0.39,1.844,8.4e-05,0.431,258000.0
8100.0,0.003,219.0,0.143,2.86,2000.0,0.39,1.622,8.4e-05,0.423,259000.0
8150.0,0.003,220.0,0.142,2.86,2000.0,0.39,1.636,8.3e-05,0.428,261000.0
8200.0,0.003,214.0,0.146,2.86,2000.0,0.39,1.777,8.3e-05,0.435,262000.0
8250.0,0.003,222.0,0.142,2.86,2000.0,0.39,1.64,8.3e-05,0.433,264000.0
8300.0,0.003,220.0,0.142,2.86,2000.0,0.4,1.543,8.3e-05,0.436,266000.0
8350.0,0.003,224.0,0.14,2.86,2000.0,0.4,1.635,8.3e-05,0.423,267000.0
8400.0,0.003,222.0,0.141,2.86,2000.0,0.4,1.543,8.2e-05,0.428,269000.0
8450.0,0.003,221.0,0.142,2.86,2000.0,0.4,1.644,8.2e-05,0.426,270000.0
8500.0,0.003,220.0,0.143,2.86,2000.0,0.41,1.609,8.2e-05,0.423,272000.0
8550.0,0.003,218.0,0.144,2.86,2000.0,0.41,1.764,8.2e-05,0.418,274000.0
8600.0,0.003,222.0,0.141,2.86,2000.0,0.41,1.746,8.2e-05,0.427,275000.0
8650.0,0.003,220.0,0.143,2.87,2000.0,0.41,1.838,8.1e-05,0.427,277000.0
8700.0,0.003,220.0,0.143,2.86,2000.0,0.42,1.601,8.1e-05,0.43,278000.0
8750.0,0.003,222.0,0.142,2.86,2000.0,0.42,1.681,8.1e-05,0.428,280000.0
8800.0,0.003,222.0,0.141,2.86,2000.0,0.42,1.677,8.1e-05,0.419,282000.0
8850.0,0.003,218.0,0.144,2.87,2000.0,0.42,1.576,8.1e-05,0.412,283000.0
8900.0,0.003,221.0,0.142,2.86,2000.0,0.43,1.792,8e-05,0.43,285000.0
8950.0,0.003,218.0,0.144,2.86,2000.0,0.43,1.487,8e-05,0.417,286000.0
9000.0,0.003,221.0,0.142,2.86,2000.0,0.43,1.729,8e-05,0.422,288000.0
9050.0,0.003,220.0,0.143,2.86,2000.0,0.43,1.66,8e-05,0.427,290000.0
9100.0,0.003,217.0,0.145,2.86,2000.0,0.44,1.568,8e-05,0.412,291000.0
9150.0,0.003,222.0,0.141,2.86,2000.0,0.44,1.542,7.9e-05,0.426,293000.0
9200.0,0.003,220.0,0.143,2.86,2000.0,0.44,1.688,7.9e-05,0.419,294000.0
9250.0,0.003,220.0,0.143,2.86,2000.0,0.44,1.611,7.9e-05,0.415,296000.0
9300.0,0.003,218.0,0.144,2.86,2000.0,0.44,1.662,7.9e-05,0.434,298000.0
9350.0,0.003,221.0,0.142,2.86,2000.0,0.45,1.643,7.9e-05,0.421,299000.0
9400.0,0.003,219.0,0.143,2.86,2000.0,0.45,1.543,7.8e-05,0.417,301000.0
9450.0,0.003,222.0,0.141,2.86,2000.0,0.45,1.502,7.8e-05,0.413,302000.0
9500.0,0.003,220.0,0.143,2.86,2000.0,0.45,1.568,7.8e-05,0.412,304000.0
9550.0,0.003,222.0,0.142,2.86,2000.0,0.46,1.656,7.8e-05,0.429,306000.0
9600.0,0.003,217.0,0.144,2.86,2000.0,0.46,1.581,7.7e-05,0.431,307000.0
9650.0,0.003,220.0,0.142,2.86,2000.0,0.46,1.67,7.7e-05,0.427,309000.0
9700.0,0.003,219.0,0.143,2.86,2000.0,0.46,1.494,7.7e-05,0.419,310000.0
9750.0,0.003,224.0,0.14,2.86,2000.0,0.47,1.58,7.7e-05,0.421,312000.0
9800.0,0.003,219.0,0.143,2.87,2000.0,0.47,1.606,7.7e-05,0.426,314000.0
9850.0,0.003,224.0,0.14,2.86,2000.0,0.47,1.611,7.6e-05,0.409,315000.0
9900.0,0.003,222.0,0.142,2.86,2000.0,0.47,1.555,7.6e-05,0.415,317000.0
9950.0,0.003,218.0,0.144,2.86,2000.0,0.48,1.557,7.6e-05,0.418,318000.0
10000.0,0.003,220.0,0.143,2.86,2000.0,0.48,1.537,7.6e-05,0.419,320000.0
10050.0,0.002,229.0,0.137,2.87,2000.0,0.48,1.48,7.6e-05,0.411,322000.0
10100.0,0.003,220.0,0.142,2.86,2000.0,0.48,1.669,7.5e-05,0.419,323000.0
10150.0,0.003,223.0,0.141,2.86,2000.0,0.49,1.666,7.5e-05,0.416,325000.0
10200.0,0.003,221.0,0.142,2.86,2000.0,0.49,1.471,7.5e-05,0.411,326000.0
10250.0,0.003,223.0,0.141,2.86,2000.0,0.49,1.562,7.5e-05,0.408,328000.0
10300.0,0.003,220.0,0.143,2.86,2000.0,0.49,1.498,7.4e-05,0.418,330000.0
10350.0,0.003,217.0,0.145,2.86,2000.0,0.5,1.575,7.4e-05,0.411,331000.0
10400.0,0.003,223.0,0.141,2.86,2000.0,0.5,1.573,7.4e-05,0.409,333000.0
10450.0,0.003,224.0,0.14,2.87,2000.0,0.5,1.76,7.4e-05,0.419,334000.0
10500.0,0.003,219.0,0.143,2.86,2000.0,0.5,1.568,7.3e-05,0.414,336000.0
10550.0,0.003,220.0,0.143,2.86,2000.0,0.5,1.529,7.3e-05,0.414,338000.0
10600.0,0.003,220.0,0.142,2.86,2000.0,0.51,1.65,7.3e-05,0.414,339000.0
10650.0,0.002,219.0,0.143,2.86,2000.0,0.51,1.648,7.3e-05,0.413,341000.0
10700.0,0.003,222.0,0.142,2.86,2000.0,0.51,1.433,7.3e-05,0.398,342000.0
10750.0,0.003,222.0,0.141,2.86,2000.0,0.51,1.653,7.2e-05,0.408,344000.0
10800.0,0.002,223.0,0.141,2.86,2000.0,0.52,1.563,7.2e-05,0.415,346000.0
10850.0,0.003,220.0,0.143,2.86,2000.0,0.52,1.728,7.2e-05,0.411,347000.0
10900.0,0.003,222.0,0.141,2.86,2000.0,0.52,1.602,7.2e-05,0.415,349000.0
10950.0,0.003,220.0,0.143,2.86,2000.0,0.52,1.581,7.1e-05,0.398,350000.0
11000.0,0.003,221.0,0.142,2.87,2000.0,0.53,1.474,7.1e-05,0.415,352000.0
11050.0,0.003,224.0,0.14,2.87,2000.0,0.53,1.49,7.1e-05,0.413,354000.0
11100.0,0.003,219.0,0.144,2.86,2000.0,0.53,1.452,7.1e-05,0.419,355000.0
11150.0,0.003,218.0,0.144,2.86,2000.0,0.53,1.574,7e-05,0.406,357000.0
11200.0,0.003,221.0,0.142,2.86,2000.0,0.54,1.562,7e-05,0.413,358000.0
11250.0,0.003,219.0,0.144,2.87,2000.0,0.54,1.592,7e-05,0.409,360000.0
11300.0,0.003,219.0,0.144,2.86,2000.0,0.54,1.494,7e-05,0.408,362000.0
11350.0,0.003,218.0,0.144,2.86,2000.0,0.54,1.571,7e-05,0.413,363000.0
11400.0,0.002,221.0,0.142,2.86,2000.0,0.55,1.554,6.9e-05,0.412,365000.0
11450.0,0.003,221.0,0.142,2.86,2000.0,0.55,1.515,6.9e-05,0.406,366000.0
11500.0,0.003,221.0,0.142,2.86,2000.0,0.55,1.515,6.9e-05,0.406,368000.0
11550.0,0.003,216.0,0.146,2.86,2000.0,0.55,1.45,6.9e-05,0.41,370000.0
11600.0,0.003,222.0,0.141,2.86,2000.0,0.55,1.426,6.8e-05,0.401,371000.0
11650.0,0.003,220.0,0.143,2.86,3000.0,0.56,1.518,6.8e-05,0.403,373000.0
11700.0,0.002,223.0,0.141,2.86,3000.0,0.56,1.496,6.8e-05,0.397,374000.0
11750.0,0.003,215.0,0.146,2.86,3000.0,0.56,1.59,6.8e-05,0.415,376000.0
11800.0,0.003,223.0,0.141,2.86,3000.0,0.56,1.597,6.7e-05,0.403,378000.0
11850.0,0.003,220.0,0.143,2.86,3000.0,0.57,1.5,6.7e-05,0.417,379000.0
11900.0,0.003,217.0,0.145,2.86,3000.0,0.57,1.441,6.7e-05,0.395,381000.0
11950.0,0.003,223.0,0.141,2.86,3000.0,0.57,1.629,6.7e-05,0.409,382000.0
12000.0,0.003,222.0,0.141,2.86,3000.0,0.57,1.704,6.6e-05,0.404,384000.0
12050.0,0.002,219.0,0.144,2.86,3000.0,0.58,1.576,6.6e-05,0.402,386000.0
12100.0,0.003,222.0,0.142,2.86,3000.0,0.58,1.499,6.6e-05,0.395,387000.0
12150.0,0.003,219.0,0.144,2.86,3000.0,0.58,1.379,6.6e-05,0.406,389000.0
12200.0,0.002,219.0,0.144,2.86,3000.0,0.58,1.507,6.5e-05,0.403,390000.0
12250.0,0.003,218.0,0.144,2.86,3000.0,0.59,1.525,6.5e-05,0.406,392000.0
12300.0,0.003,221.0,0.142,2.86,3000.0,0.59,1.374,6.5e-05,0.399,394000.0
12350.0,0.003,219.0,0.143,2.86,3000.0,0.59,1.52,6.5e-05,0.4,395000.0
12400.0,0.003,222.0,0.141,2.86,3000.0,0.59,1.584,6.4e-05,0.4,397000.0
12450.0,0.002,219.0,0.143,2.86,3000.0,0.6,1.413,6.4e-05,0.403,398000.0
12500.0,0.003,220.0,0.143,2.86,3000.0,0.6,1.592,6.4e-05,0.406,400000.0
12550.0,0.003,223.0,0.141,2.86,3000.0,0.6,1.464,6.4e-05,0.399,402000.0
12600.0,0.003,219.0,0.144,2.86,3000.0,0.6,1.425,6.3e-05,0.406,403000.0
12650.0,0.002,220.0,0.143,2.86,3000.0,0.61,1.458,6.3e-05,0.41,405000.0
12700.0,0.003,219.0,0.143,2.86,3000.0,0.61,1.528,6.3e-05,0.413,406000.0
12750.0,0.003,214.0,0.147,2.86,3000.0,0.61,1.5,6.3e-05,0.402,408000.0
12800.0,0.003,223.0,0.14,2.86,3000.0,0.61,1.483,6.3e-05,0.406,410000.0
12850.0,0.003,219.0,0.143,2.86,3000.0,0.61,1.505,6.2e-05,0.398,411000.0
12900.0,0.003,220.0,0.143,2.86,3000.0,0.62,1.464,6.2e-05,0.4,413000.0
12950.0,0.003,222.0,0.141,2.86,3000.0,0.62,1.467,6.2e-05,0.399,414000.0
13000.0,0.003,219.0,0.143,2.86,3000.0,0.62,1.497,6.2e-05,0.393,416000.0
13050.0,0.003,220.0,0.143,2.86,3000.0,0.62,1.591,6.1e-05,0.398,418000.0
13100.0,0.003,222.0,0.142,2.86,3000.0,0.63,1.525,6.1e-05,0.397,419000.0
13150.0,0.003,220.0,0.143,2.86,3000.0,0.63,1.387,6.1e-05,0.383,421000.0
13200.0,0.003,222.0,0.141,2.86,3000.0,0.63,1.478,6.1e-05,0.4,422000.0
13250.0,0.003,219.0,0.143,2.87,3000.0,0.63,1.591,6e-05,0.394,424000.0
13300.0,0.003,220.0,0.142,2.86,3000.0,0.64,1.475,6e-05,0.392,426000.0
13350.0,0.003,221.0,0.142,2.86,3000.0,0.64,1.407,6e-05,0.388,427000.0
13400.0,0.003,220.0,0.143,2.86,3000.0,0.64,1.385,6e-05,0.399,429000.0
13450.0,0.003,223.0,0.141,2.86,3000.0,0.64,1.416,5.9e-05,0.395,430000.0
13500.0,0.003,220.0,0.143,2.86,3000.0,0.65,1.463,5.9e-05,0.393,432000.0
13550.0,0.002,221.0,0.142,2.86,3000.0,0.65,1.422,5.9e-05,0.394,434000.0
13600.0,0.003,221.0,0.142,2.87,3000.0,0.65,1.441,5.8e-05,0.397,435000.0
13650.0,0.003,221.0,0.142,2.87,3000.0,0.65,1.387,5.8e-05,0.39,437000.0
13700.0,0.003,217.0,0.145,2.86,3000.0,0.66,1.528,5.8e-05,0.397,438000.0
13750.0,0.003,221.0,0.142,2.86,3000.0,0.66,1.412,5.8e-05,0.379,440000.0
13800.0,0.003,220.0,0.143,2.87,3000.0,0.66,1.43,5.7e-05,0.392,442000.0
13850.0,0.003,223.0,0.141,2.86,3000.0,0.66,1.427,5.7e-05,0.393,443000.0
13900.0,0.003,216.0,0.145,2.86,3000.0,0.66,1.512,5.7e-05,0.405,445000.0
13950.0,0.003,217.0,0.144,2.86,3000.0,0.67,1.433,5.7e-05,0.389,446000.0
14000.0,0.003,221.0,0.142,2.86,3000.0,0.67,1.471,5.6e-05,0.398,448000.0
14050.0,0.003,222.0,0.141,2.86,3000.0,0.67,1.379,5.6e-05,0.386,450000.0
14100.0,0.003,221.0,0.142,2.86,3000.0,0.67,1.419,5.6e-05,0.389,451000.0
14150.0,0.003,219.0,0.143,2.86,3000.0,0.68,1.441,5.6e-05,0.399,453000.0
14200.0,0.003,219.0,0.144,2.86,3000.0,0.68,1.403,5.5e-05,0.392,454000.0
14250.0,0.002,219.0,0.144,2.86,3000.0,0.68,1.419,5.5e-05,0.395,456000.0
14300.0,0.003,224.0,0.14,2.86,3000.0,0.68,1.434,5.5e-05,0.387,458000.0
14350.0,0.003,222.0,0.141,2.86,3000.0,0.69,1.414,5.5e-05,0.383,459000.0
14400.0,0.003,219.0,0.144,2.86,3000.0,0.69,1.609,5.4e-05,0.39,461000.0
14450.0,0.003,218.0,0.144,2.86,3000.0,0.69,1.432,5.4e-05,0.382,462000.0
14500.0,0.003,221.0,0.142,2.86,3000.0,0.69,1.381,5.4e-05,0.382,464000.0
14550.0,0.003,217.0,0.145,2.86,3000.0,0.7,1.391,5.4e-05,0.387,466000.0
14600.0,0.003,220.0,0.143,2.87,3000.0,0.7,1.539,5.3e-05,0.388,467000.0
14650.0,0.003,219.0,0.143,2.86,3000.0,0.7,1.425,5.3e-05,0.389,469000.0
14700.0,0.003,223.0,0.141,2.86,3000.0,0.7,1.414,5.3e-05,0.395,470000.0
14750.0,0.003,222.0,0.141,2.86,3000.0,0.71,1.415,5.3e-05,0.391,472000.0
14800.0,0.003,221.0,0.142,2.86,3000.0,0.71,1.448,5.2e-05,0.391,474000.0
14850.0,0.003,219.0,0.143,2.86,3000.0,0.71,1.451,5.2e-05,0.384,475000.0
14900.0,0.003,219.0,0.143,2.86,3000.0,0.71,1.334,5.2e-05,0.383,477000.0
14950.0,0.003,221.0,0.142,2.86,3000.0,0.72,1.393,5.2e-05,0.399,478000.0
15000.0,0.003,221.0,0.142,2.86,3000.0,0.72,1.436,5.1e-05,0.375,480000.0
15050.0,0.003,231.0,0.136,2.86,3000.0,0.72,1.467,5.1e-05,0.393,482000.0
15100.0,0.003,221.0,0.142,2.87,3000.0,0.72,1.362,5.1e-05,0.386,483000.0
15150.0,0.003,220.0,0.143,2.86,3000.0,0.72,1.407,5.1e-05,0.386,485000.0
15200.0,0.003,221.0,0.142,2.86,3000.0,0.73,1.422,5e-05,0.374,486000.0
15250.0,0.003,219.0,0.144,2.86,3000.0,0.73,1.417,5e-05,0.383,488000.0
15300.0,0.003,221.0,0.142,2.86,3000.0,0.73,1.447,5e-05,0.381,490000.0
15350.0,0.003,219.0,0.144,2.86,3000.0,0.73,1.522,5e-05,0.39,491000.0
15400.0,0.003,221.0,0.142,2.86,3000.0,0.74,1.402,4.9e-05,0.379,493000.0
15450.0,0.003,221.0,0.142,2.86,3000.0,0.74,1.43,4.9e-05,0.378,494000.0
15500.0,0.003,221.0,0.142,2.86,3000.0,0.74,1.379,4.9e-05,0.396,496000.0
15550.0,0.003,223.0,0.141,2.86,3000.0,0.74,1.386,4.9e-05,0.378,498000.0
15600.0,0.003,220.0,0.143,2.86,3000.0,0.75,1.466,4.8e-05,0.382,499000.0
15650.0,0.003,224.0,0.14,2.86,3000.0,0.75,1.39,4.8e-05,0.384,501000.0
15700.0,0.003,218.0,0.144,2.86,3000.0,0.75,1.399,4.8e-05,0.393,502000.0
15750.0,0.003,221.0,0.142,2.86,3000.0,0.75,1.444,4.8e-05,0.383,504000.0
15800.0,0.003,220.0,0.142,2.86,3000.0,0.76,1.436,4.7e-05,0.379,506000.0
15850.0,0.003,221.0,0.142,2.86,3000.0,0.76,1.423,4.7e-05,0.379,507000.0
15900.0,0.003,215.0,0.146,2.86,3000.0,0.76,1.413,4.7e-05,0.377,509000.0
15950.0,0.003,222.0,0.142,2.86,3000.0,0.76,1.456,4.7e-05,0.378,510000.0
16000.0,0.003,218.0,0.144,2.86,3000.0,0.77,1.438,4.6e-05,0.387,512000.0
16050.0,0.003,221.0,0.142,2.86,3000.0,0.77,1.372,4.6e-05,0.385,514000.0
16100.0,0.003,219.0,0.143,2.86,3000.0,0.77,1.421,4.6e-05,0.379,515000.0
16150.0,0.003,214.0,0.147,2.86,3000.0,0.77,1.285,4.6e-05,0.376,517000.0
16200.0,0.003,220.0,0.143,2.86,3000.0,0.77,1.472,4.5e-05,0.382,518000.0
16250.0,0.003,226.0,0.139,2.86,3000.0,0.78,1.383,4.5e-05,0.389,520000.0
16300.0,0.003,218.0,0.144,2.86,4000.0,0.78,1.441,4.5e-05,0.379,522000.0
16350.0,0.003,223.0,0.141,2.86,4000.0,0.78,1.372,4.5e-05,0.376,523000.0
16400.0,0.003,215.0,0.146,2.86,4000.0,0.78,1.346,4.4e-05,0.373,525000.0
16450.0,0.003,223.0,0.141,2.87,4000.0,0.79,1.378,4.4e-05,0.375,526000.0
16500.0,0.002,219.0,0.144,2.86,4000.0,0.79,1.447,4.4e-05,0.384,528000.0
16550.0,0.003,222.0,0.141,2.86,4000.0,0.79,1.373,4.3e-05,0.381,530000.0
16600.0,0.003,219.0,0.143,2.86,4000.0,0.79,1.431,4.3e-05,0.382,531000.0
16650.0,0.003,218.0,0.144,2.86,4000.0,0.8,1.341,4.3e-05,0.387,533000.0
16700.0,0.003,220.0,0.143,2.86,4000.0,0.8,1.318,4.3e-05,0.369,534000.0
16750.0,0.003,221.0,0.142,2.86,4000.0,0.8,1.369,4.2e-05,0.381,536000.0
16800.0,0.003,218.0,0.144,2.86,4000.0,0.8,1.381,4.2e-05,0.374,538000.0
16850.0,0.004,218.0,0.143,2.86,4000.0,0.81,1.395,4.2e-05,0.387,539000.0
16900.0,0.003,220.0,0.142,2.86,4000.0,0.81,1.344,4.2e-05,0.378,541000.0
16950.0,0.002,225.0,0.14,2.86,4000.0,0.81,1.383,4.1e-05,0.384,542000.0
17000.0,0.003,219.0,0.143,2.86,4000.0,0.81,1.364,4.1e-05,0.371,544000.0
17050.0,0.003,221.0,0.142,2.86,4000.0,0.82,1.403,4.1e-05,0.388,546000.0
17100.0,0.003,220.0,0.143,2.86,4000.0,0.82,1.443,4.1e-05,0.389,547000.0
17150.0,0.003,222.0,0.141,2.86,4000.0,0.82,1.384,4e-05,0.37,549000.0
17200.0,0.003,221.0,0.142,2.86,4000.0,0.82,1.332,4e-05,0.375,550000.0
17250.0,0.003,219.0,0.143,2.86,4000.0,0.83,1.365,4e-05,0.375,552000.0
17300.0,0.003,217.0,0.145,2.86,4000.0,0.83,1.439,4e-05,0.378,554000.0
17350.0,0.003,217.0,0.145,2.86,4000.0,0.83,1.429,3.9e-05,0.38,555000.0
17400.0,0.003,220.0,0.143,2.86,4000.0,0.83,1.404,3.9e-05,0.38,557000.0
17450.0,0.003,222.0,0.141,2.86,4000.0,0.83,1.392,3.9e-05,0.384,558000.0
17500.0,0.003,223.0,0.141,2.86,4000.0,0.84,1.373,3.9e-05,0.387,560000.0
17550.0,0.002,217.0,0.145,2.87,4000.0,0.84,1.27,3.9e-05,0.374,562000.0
17600.0,0.003,222.0,0.141,2.86,4000.0,0.84,1.337,3.8e-05,0.373,563000.0
17650.0,0.003,220.0,0.143,2.86,4000.0,0.84,1.374,3.8e-05,0.372,565000.0
17700.0,0.003,220.0,0.143,2.86,4000.0,0.85,1.431,3.8e-05,0.379,566000.0
17750.0,0.003,217.0,0.145,2.87,4000.0,0.85,1.359,3.8e-05,0.363,568000.0
17800.0,0.003,220.0,0.143,2.86,4000.0,0.85,1.381,3.7e-05,0.362,570000.0
17850.0,0.003,223.0,0.141,2.86,4000.0,0.85,1.335,3.7e-05,0.37,571000.0
17900.0,0.003,221.0,0.142,2.86,4000.0,0.86,1.292,3.7e-05,0.376,573000.0
17950.0,0.003,224.0,0.14,2.87,4000.0,0.86,1.392,3.7e-05,0.375,574000.0
18000.0,0.003,221.0,0.142,2.86,4000.0,0.86,1.334,3.6e-05,0.378,576000.0
18050.0,0.002,222.0,0.142,2.86,4000.0,0.86,1.426,3.6e-05,0.374,578000.0
18100.0,0.002,223.0,0.141,2.86,4000.0,0.87,1.315,3.6e-05,0.38,579000.0
18150.0,0.003,219.0,0.143,2.87,4000.0,0.87,1.323,3.6e-05,0.372,581000.0
18200.0,0.003,218.0,0.144,2.86,4000.0,0.87,1.436,3.5e-05,0.367,582000.0
18250.0,0.002,213.0,0.148,2.86,4000.0,0.87,1.344,3.5e-05,0.382,584000.0
18300.0,0.003,222.0,0.142,2.86,4000.0,0.88,1.374,3.5e-05,0.377,586000.0
18350.0,0.003,220.0,0.143,2.86,4000.0,0.88,1.28,3.5e-05,0.368,587000.0
18400.0,0.003,221.0,0.142,2.86,4000.0,0.88,1.258,3.4e-05,0.382,589000.0
18450.0,0.003,216.0,0.145,2.87,4000.0,0.88,1.399,3.4e-05,0.361,590000.0
18500.0,0.003,221.0,0.142,2.86,4000.0,0.88,1.372,3.4e-05,0.368,592000.0
18550.0,0.003,218.0,0.144,2.86,4000.0,0.89,1.365,3.4e-05,0.382,594000.0
18600.0,0.003,226.0,0.139,2.86,4000.0,0.89,1.341,3.3e-05,0.364,595000.0
18650.0,0.002,220.0,0.143,2.86,4000.0,0.89,1.376,3.3e-05,0.373,597000.0
18700.0,0.002,222.0,0.142,2.86,4000.0,0.89,1.322,3.3e-05,0.374,598000.0
18750.0,0.003,221.0,0.142,2.87,4000.0,0.9,1.312,3.3e-05,0.371,600000.0
18800.0,0.002,222.0,0.142,2.86,4000.0,0.9,1.318,3.2e-05,0.37,602000.0
18850.0,0.003,219.0,0.144,2.87,4000.0,0.9,1.41,3.2e-05,0.368,603000.0
18900.0,0.003,219.0,0.144,2.86,4000.0,0.9,1.316,3.2e-05,0.382,605000.0
18950.0,0.003,220.0,0.142,2.86,4000.0,0.91,1.386,3.2e-05,0.38,606000.0
19000.0,0.002,222.0,0.142,2.86,4000.0,0.91,1.293,3.2e-05,0.364,608000.0
19050.0,0.003,220.0,0.143,2.86,4000.0,0.91,1.301,3.1e-05,0.367,610000.0
19100.0,0.003,221.0,0.142,2.86,4000.0,0.91,1.295,3.1e-05,0.362,611000.0
19150.0,0.003,219.0,0.143,2.86,4000.0,0.92,1.353,3.1e-05,0.37,613000.0
19200.0,0.003,220.0,0.142,2.86,4000.0,0.92,1.382,3.1e-05,0.365,614000.0
19250.0,0.002,220.0,0.143,2.86,4000.0,0.92,1.323,3e-05,0.375,616000.0
19300.0,0.003,219.0,0.144,2.86,4000.0,0.92,1.28,3e-05,0.366,618000.0
19350.0,0.003,221.0,0.142,2.86,4000.0,0.93,1.325,3e-05,0.375,619000.0
19400.0,0.003,218.0,0.144,2.86,4000.0,0.93,1.36,3e-05,0.372,621000.0
19450.0,0.003,220.0,0.143,2.86,4000.0,0.93,1.321,2.9e-05,0.359,622000.0
19500.0,0.003,219.0,0.143,2.87,4000.0,0.93,1.353,2.9e-05,0.376,624000.0
19550.0,0.003,218.0,0.144,2.86,4000.0,0.94,1.384,2.9e-05,0.38,626000.0
19600.0,0.003,223.0,0.141,2.86,4000.0,0.94,1.341,2.9e-05,0.376,627000.0
19650.0,0.003,221.0,0.142,2.86,4000.0,0.94,1.342,2.9e-05,0.374,629000.0
19700.0,0.003,218.0,0.145,2.86,4000.0,0.94,1.331,2.8e-05,0.376,630000.0
19750.0,0.003,223.0,0.141,2.86,4000.0,0.94,1.378,2.8e-05,0.366,632000.0
19800.0,0.002,222.0,0.142,2.86,4000.0,0.95,1.315,2.8e-05,0.366,634000.0
19850.0,0.004,219.0,0.142,2.86,4000.0,0.95,1.238,2.8e-05,0.369,635000.0
19900.0,0.003,222.0,0.141,2.86,4000.0,0.95,1.262,2.7e-05,0.365,637000.0
19950.0,0.004,214.0,0.145,2.86,4000.0,0.95,1.289,2.7e-05,0.376,638000.0
20000.0,0.005,215.0,0.144,2.86,4000.0,0.96,1.356,2.7e-05,0.374,640000.0
20050.0,0.003,230.0,0.136,2.86,4000.0,0.96,1.316,2.7e-05,0.369,642000.0
20100.0,0.003,217.0,0.145,2.86,4000.0,0.96,1.271,2.7e-05,0.365,643000.0
20150.0,0.003,215.0,0.146,2.86,4000.0,0.96,1.318,2.6e-05,0.364,645000.0
20200.0,0.003,219.0,0.143,2.86,4000.0,0.97,1.298,2.6e-05,0.372,646000.0
20250.0,0.003,221.0,0.142,2.86,4000.0,0.97,1.308,2.6e-05,0.372,648000.0
20300.0,0.003,220.0,0.143,2.87,4000.0,0.97,1.331,2.6e-05,0.364,650000.0
20350.0,0.003,221.0,0.142,2.86,4000.0,0.97,1.311,2.5e-05,0.363,651000.0
20400.0,0.003,220.0,0.143,2.86,4000.0,0.98,1.281,2.5e-05,0.352,653000.0
20450.0,0.003,215.0,0.146,2.86,4000.0,0.98,1.379,2.5e-05,0.368,654000.0
20500.0,0.003,220.0,0.142,2.86,4000.0,0.98,1.29,2.5e-05,0.36,656000.0
20550.0,0.002,223.0,0.141,2.87,4000.0,0.98,1.378,2.5e-05,0.363,658000.0
20600.0,0.003,221.0,0.142,2.86,4000.0,0.99,1.334,2.4e-05,0.372,659000.0
20650.0,0.003,221.0,0.142,2.86,4000.0,0.99,1.307,2.4e-05,0.369,661000.0
20700.0,0.003,218.0,0.144,2.86,4000.0,0.99,1.265,2.4e-05,0.363,662000.0
20750.0,0.003,222.0,0.142,2.86,4000.0,0.99,1.349,2.4e-05,0.357,664000.0
20800.0,0.003,219.0,0.144,2.86,4000.0,0.99,1.285,2.4e-05,0.369,666000.0
20850.0,0.003,222.0,0.142,2.86,4000.0,1.0,1.297,2.3e-05,0.367,667000.0
20900.0,0.002,309.0,0.102,2.86,4000.0,1.0,1.337,2.3e-05,0.366,669000.0
20950.0,0.06,152.0,0.15,2.86,5000.0,1.0,1.263,2.3e-05,0.373,670000.0
21000.0,0.003,220.0,0.143,2.86,5000.0,1.0,1.279,2.3e-05,0.356,672000.0
21050.0,0.003,220.0,0.143,2.86,5000.0,1.01,1.279,2.2e-05,0.362,674000.0
21100.0,0.003,219.0,0.143,2.86,5000.0,1.01,1.274,2.2e-05,0.361,675000.0
21150.0,0.007,210.0,0.145,2.86,5000.0,1.01,1.31,2.2e-05,0.368,677000.0
21200.0,0.007,209.0,0.146,2.86,5000.0,1.01,1.244,2.2e-05,0.356,678000.0
21250.0,0.002,217.0,0.145,2.86,5000.0,1.02,1.303,2.2e-05,0.363,680000.0
21300.0,0.003,217.0,0.145,2.86,5000.0,1.02,1.364,2.1e-05,0.37,682000.0
21350.0,0.003,223.0,0.141,2.86,5000.0,1.02,1.365,2.1e-05,0.368,683000.0
21400.0,0.003,218.0,0.144,2.86,5000.0,1.02,1.256,2.1e-05,0.362,685000.0
21450.0,0.003,220.0,0.143,2.86,5000.0,1.03,1.397,2.1e-05,0.369,686000.0
21500.0,0.003,221.0,0.142,2.86,5000.0,1.03,1.264,2.1e-05,0.361,688000.0
21550.0,0.003,219.0,0.144,2.86,5000.0,1.03,1.323,2e-05,0.365,690000.0
21600.0,0.004,212.0,0.147,2.86,5000.0,1.03,1.253,2e-05,0.358,691000.0
21650.0,0.01,204.0,0.148,2.86,5000.0,1.04,1.356,2e-05,0.359,693000.0
21700.0,0.008,207.0,0.147,2.86,5000.0,1.04,1.279,2e-05,0.356,694000.0
21750.0,0.008,207.0,0.147,2.86,5000.0,1.04,1.254,2e-05,0.358,696000.0
21800.0,0.009,205.0,0.147,2.86,5000.0,1.04,1.313,1.9e-05,0.372,698000.0
21850.0,0.003,218.0,0.144,2.86,5000.0,1.05,1.289,1.9e-05,0.367,699000.0
21900.0,0.003,217.0,0.145,2.86,5000.0,1.05,1.289,1.9e-05,0.356,701000.0
21950.0,0.003,222.0,0.142,2.87,5000.0,1.05,1.279,1.9e-05,0.358,702000.0
22000.0,0.003,217.0,0.145,2.86,5000.0,1.05,1.348,1.9e-05,0.365,704000.0
22050.0,0.012,199.0,0.149,2.86,5000.0,1.05,1.338,1.9e-05,0.371,706000.0
22100.0,0.006,212.0,0.145,2.86,5000.0,1.06,1.301,1.8e-05,0.363,707000.0
22150.0,0.003,220.0,0.142,2.86,5000.0,1.06,1.306,1.8e-05,0.366,709000.0
22200.0,0.003,217.0,0.145,2.87,5000.0,1.06,1.254,1.8e-05,0.368,710000.0
22250.0,0.003,222.0,0.141,2.86,5000.0,1.06,1.317,1.8e-05,0.365,712000.0
22300.0,0.003,216.0,0.145,2.86,5000.0,1.07,1.386,1.8e-05,0.361,714000.0
22350.0,0.005,211.0,0.146,2.86,5000.0,1.07,1.226,1.7e-05,0.361,715000.0
22400.0,0.003,220.0,0.142,2.86,5000.0,1.07,1.286,1.7e-05,0.363,717000.0
22450.0,0.003,219.0,0.143,2.86,5000.0,1.07,1.32,1.7e-05,0.371,718000.0
22500.0,0.003,220.0,0.143,2.86,5000.0,1.08,1.287,1.7e-05,0.355,720000.0
22550.0,0.003,216.0,0.145,2.86,5000.0,1.08,1.302,1.7e-05,0.373,722000.0
22600.0,0.002,223.0,0.141,2.86,5000.0,1.08,1.266,1.7e-05,0.355,723000.0
22650.0,0.006,209.0,0.147,2.86,5000.0,1.08,1.264,1.6e-05,0.37,725000.0
22700.0,0.003,218.0,0.144,2.86,5000.0,1.09,1.276,1.6e-05,0.363,726000.0
22750.0,0.003,219.0,0.143,2.86,5000.0,1.09,1.286,1.6e-05,0.36,728000.0
22800.0,0.003,222.0,0.141,2.86,5000.0,1.09,1.285,1.6e-05,0.359,730000.0
22850.0,0.003,218.0,0.144,2.86,5000.0,1.09,1.289,1.6e-05,0.365,731000.0
22900.0,0.002,219.0,0.144,2.86,5000.0,1.1,1.301,1.5e-05,0.359,733000.0
22950.0,0.003,222.0,0.141,2.87,5000.0,1.1,1.359,1.5e-05,0.362,734000.0
23000.0,0.003,220.0,0.143,2.86,5000.0,1.1,1.293,1.5e-05,0.358,736000.0
23050.0,0.003,219.0,0.144,2.86,5000.0,1.1,1.327,1.5e-05,0.367,738000.0
23100.0,0.003,221.0,0.142,2.86,5000.0,1.1,1.315,1.5e-05,0.358,739000.0
23150.0,0.006,212.0,0.145,2.86,5000.0,1.11,1.277,1.5e-05,0.364,741000.0
23200.0,0.004,216.0,0.144,2.86,5000.0,1.11,1.3,1.4e-05,0.371,742000.0
23250.0,0.007,210.0,0.145,2.86,5000.0,1.11,1.3,1.4e-05,0.358,744000.0
23300.0,0.004,219.0,0.142,2.86,5000.0,1.11,1.305,1.4e-05,0.367,746000.0
23350.0,0.003,217.0,0.144,2.86,5000.0,1.12,1.227,1.4e-05,0.365,747000.0
23400.0,0.004,218.0,0.142,2.86,5000.0,1.12,1.305,1.4e-05,0.364,749000.0
23450.0,0.012,197.0,0.15,2.86,5000.0,1.12,1.249,1.4e-05,0.367,750000.0
23500.0,0.003,223.0,0.141,2.86,5000.0,1.12,1.336,1.3e-05,0.363,752000.0
23550.0,0.002,225.0,0.14,2.86,5000.0,1.13,1.324,1.3e-05,0.364,754000.0
23600.0,0.003,218.0,0.144,2.86,5000.0,1.13,1.304,1.3e-05,0.357,755000.0
23650.0,0.003,220.0,0.143,2.87,5000.0,1.13,1.239,1.3e-05,0.373,757000.0
23700.0,0.003,219.0,0.144,2.86,5000.0,1.13,1.259,1.3e-05,0.358,758000.0
23750.0,0.009,204.0,0.147,2.86,5000.0,1.14,1.243,1.3e-05,0.36,760000.0
23800.0,0.003,219.0,0.143,2.86,5000.0,1.14,1.218,1.2e-05,0.366,762000.0
23850.0,0.003,217.0,0.145,2.86,5000.0,1.14,1.242,1.2e-05,0.354,763000.0
23900.0,0.003,222.0,0.141,2.86,5000.0,1.14,1.305,1.2e-05,0.367,765000.0
23950.0,0.002,224.0,0.141,2.86,5000.0,1.15,1.322,1.2e-05,0.372,766000.0
24000.0,0.003,220.0,0.143,2.86,5000.0,1.15,1.255,1.2e-05,0.354,768000.0
24050.0,0.003,218.0,0.144,2.86,5000.0,1.15,1.266,1.2e-05,0.357,770000.0
24100.0,0.002,221.0,0.142,2.87,5000.0,1.15,1.256,1.2e-05,0.362,771000.0
24150.0,0.003,222.0,0.142,2.86,5000.0,1.16,1.307,1.1e-05,0.358,773000.0
24200.0,0.003,219.0,0.143,2.87,5000.0,1.16,1.321,1.1e-05,0.356,774000.0
24250.0,0.003,220.0,0.143,2.86,5000.0,1.16,1.26,1.1e-05,0.364,776000.0
24300.0,0.003,223.0,0.141,2.86,5000.0,1.16,1.278,1.1e-05,0.353,778000.0
24350.0,0.003,219.0,0.144,2.86,5000.0,1.16,1.271,1.1e-05,0.369,779000.0
24400.0,0.003,214.0,0.147,2.86,5000.0,1.17,1.315,1.1e-05,0.364,781000.0
24450.0,0.003,219.0,0.143,2.86,5000.0,1.17,1.263,1.1e-05,0.358,782000.0
24500.0,0.003,218.0,0.144,2.87,5000.0,1.17,1.282,1e-05,0.362,784000.0
24550.0,0.003,217.0,0.145,2.86,5000.0,1.17,1.257,1e-05,0.366,786000.0
24600.0,0.002,220.0,0.143,2.86,5000.0,1.18,1.252,1e-05,0.357,787000.0
24650.0,0.003,223.0,0.141,2.86,5000.0,1.18,1.219,1e-05,0.365,789000.0
24700.0,0.003,221.0,0.142,2.86,5000.0,1.18,1.28,9.9e-06,0.363,790000.0
24750.0,0.003,220.0,0.143,2.86,5000.0,1.18,1.262,9.7e-06,0.359,792000.0
24800.0,0.003,221.0,0.142,2.87,5000.0,1.19,1.234,9.6e-06,0.351,794000.0
24850.0,0.003,222.0,0.141,2.87,5000.0,1.19,1.288,9.5e-06,0.357,795000.0
24900.0,0.003,220.0,0.142,2.86,5000.0,1.19,1.263,9.4e-06,0.352,797000.0
24950.0,0.003,216.0,0.145,2.86,5000.0,1.19,1.271,9.2e-06,0.352,798000.0
25000.0,0.003,215.0,0.146,2.86,5000.0,1.2,1.261,9.1e-06,0.363,800000.0
25050.0,0.002,231.0,0.136,2.86,5000.0,1.2,1.231,9e-06,0.358,802000.0
25100.0,0.003,220.0,0.142,2.86,5000.0,1.2,1.212,8.8e-06,0.355,803000.0
25150.0,0.003,219.0,0.143,2.86,5000.0,1.2,1.238,8.7e-06,0.35,805000.0
25200.0,0.003,223.0,0.141,2.86,5000.0,1.21,1.302,8.6e-06,0.366,806000.0
25250.0,0.003,213.0,0.148,2.87,5000.0,1.21,1.284,8.5e-06,0.359,808000.0
25300.0,0.003,223.0,0.141,2.86,5000.0,1.21,1.235,8.3e-06,0.36,810000.0
25350.0,0.003,215.0,0.146,2.86,5000.0,1.21,1.309,8.2e-06,0.37,811000.0
25400.0,0.003,219.0,0.143,2.87,5000.0,1.21,1.221,8.1e-06,0.361,813000.0
25450.0,0.003,220.0,0.143,2.86,5000.0,1.22,1.273,8e-06,0.365,814000.0
25500.0,0.004,219.0,0.142,2.86,5000.0,1.22,1.267,7.9e-06,0.361,816000.0
25550.0,0.003,218.0,0.143,2.86,5000.0,1.22,1.266,7.8e-06,0.356,818000.0
25600.0,0.003,219.0,0.143,2.86,6000.0,1.22,1.254,7.6e-06,0.36,819000.0
25650.0,0.002,219.0,0.143,2.86,6000.0,1.23,1.261,7.5e-06,0.358,821000.0
25700.0,0.002,224.0,0.14,2.86,6000.0,1.23,1.273,7.4e-06,0.364,822000.0
25750.0,0.003,221.0,0.142,2.86,6000.0,1.23,1.245,7.3e-06,0.349,824000.0
25800.0,0.003,218.0,0.144,2.87,6000.0,1.23,1.262,7.2e-06,0.363,826000.0
25850.0,0.003,212.0,0.148,2.86,6000.0,1.24,1.308,7.1e-06,0.356,827000.0
25900.0,0.003,224.0,0.14,2.86,6000.0,1.24,1.275,7e-06,0.362,829000.0
25950.0,0.003,219.0,0.143,2.86,6000.0,1.24,1.231,6.9e-06,0.359,830000.0
26000.0,0.003,223.0,0.141,2.86,6000.0,1.24,1.318,6.8e-06,0.366,832000.0
26050.0,0.003,221.0,0.142,2.86,6000.0,1.25,1.237,6.7e-06,0.358,834000.0
26100.0,0.003,219.0,0.143,2.86,6000.0,1.25,1.266,6.6e-06,0.36,835000.0
26150.0,0.003,221.0,0.142,2.86,6000.0,1.25,1.309,6.5e-06,0.368,837000.0
26200.0,0.003,219.0,0.143,2.86,6000.0,1.25,1.241,6.4e-06,0.357,838000.0
26250.0,0.003,217.0,0.145,2.87,6000.0,1.26,1.255,6.3e-06,0.351,840000.0
26300.0,0.003,224.0,0.141,2.86,6000.0,1.26,1.295,6.2e-06,0.362,842000.0
26350.0,0.003,221.0,0.142,2.86,6000.0,1.26,1.285,6.1e-06,0.362,843000.0
26400.0,0.003,221.0,0.142,2.86,6000.0,1.26,1.279,6e-06,0.365,845000.0
26450.0,0.003,221.0,0.142,2.86,6000.0,1.27,1.292,5.9e-06,0.358,846000.0
26500.0,0.003,219.0,0.144,2.86,6000.0,1.27,1.296,5.8e-06,0.369,848000.0
26550.0,0.003,221.0,0.142,2.86,6000.0,1.27,1.28,5.7e-06,0.369,850000.0
26600.0,0.003,220.0,0.143,2.86,6000.0,1.27,1.255,5.6e-06,0.362,851000.0
26650.0,0.003,220.0,0.143,2.86,6000.0,1.27,1.334,5.5e-06,0.368,853000.0
26700.0,0.003,219.0,0.144,2.86,6000.0,1.28,1.296,5.4e-06,0.371,854000.0
26750.0,0.002,217.0,0.145,2.86,6000.0,1.28,1.261,5.3e-06,0.358,856000.0
26800.0,0.003,223.0,0.141,2.86,6000.0,1.28,1.299,5.3e-06,0.361,858000.0
26850.0,0.003,217.0,0.145,2.86,6000.0,1.28,1.262,5.2e-06,0.356,859000.0
26900.0,0.002,221.0,0.143,2.86,6000.0,1.29,1.332,5.1e-06,0.361,861000.0
26950.0,0.003,220.0,0.143,2.86,6000.0,1.29,1.259,5e-06,0.363,862000.0
27000.0,0.003,222.0,0.141,2.86,6000.0,1.29,1.3,4.9e-06,0.353,864000.0
27050.0,0.003,220.0,0.142,2.86,6000.0,1.29,1.265,4.8e-06,0.358,866000.0
27100.0,0.003,221.0,0.143,2.87,6000.0,1.3,1.234,4.8e-06,0.353,867000.0
27150.0,0.003,218.0,0.144,2.86,6000.0,1.3,1.308,4.7e-06,0.359,869000.0
27200.0,0.002,220.0,0.143,2.87,6000.0,1.3,1.354,4.6e-06,0.363,870000.0
27250.0,0.003,221.0,0.142,2.86,6000.0,1.3,1.25,4.5e-06,0.356,872000.0
27300.0,0.003,220.0,0.143,2.86,6000.0,1.31,1.312,4.5e-06,0.375,874000.0
27350.0,0.003,217.0,0.145,2.86,6000.0,1.31,1.299,4.4e-06,0.354,875000.0
27400.0,0.003,220.0,0.143,2.86,6000.0,1.31,1.263,4.3e-06,0.361,877000.0
27450.0,0.003,220.0,0.143,2.86,6000.0,1.31,1.242,4.3e-06,0.36,878000.0
27500.0,0.003,220.0,0.143,2.87,6000.0,1.32,1.226,4.2e-06,0.35,880000.0
27550.0,0.003,218.0,0.144,2.86,6000.0,1.32,1.286,4.1e-06,0.351,882000.0
27600.0,0.002,224.0,0.14,2.86,6000.0,1.32,1.267,4.1e-06,0.364,883000.0
27650.0,0.003,223.0,0.141,2.86,6000.0,1.32,1.338,4e-06,0.353,885000.0
27700.0,0.002,219.0,0.143,2.86,6000.0,1.32,1.201,3.9e-06,0.356,886000.0
27750.0,0.003,217.0,0.145,2.86,6000.0,1.33,1.273,3.9e-06,0.364,888000.0
27800.0,0.003,224.0,0.14,2.86,6000.0,1.33,1.264,3.8e-06,0.36,890000.0
27850.0,0.003,218.0,0.144,2.86,6000.0,1.33,1.367,3.8e-06,0.37,891000.0
27900.0,0.003,223.0,0.141,2.86,6000.0,1.33,1.277,3.7e-06,0.358,893000.0
27950.0,0.003,216.0,0.145,2.86,6000.0,1.34,1.279,3.6e-06,0.363,894000.0
28000.0,0.003,220.0,0.143,2.86,6000.0,1.34,1.238,3.6e-06,0.363,896000.0
28050.0,0.003,217.0,0.145,2.86,6000.0,1.34,1.276,3.5e-06,0.37,898000.0
28100.0,0.003,223.0,0.141,2.86,6000.0,1.34,1.257,3.5e-06,0.371,899000.0
28150.0,0.003,219.0,0.144,2.86,6000.0,1.35,1.256,3.4e-06,0.359,901000.0
28200.0,0.003,213.0,0.147,2.87,6000.0,1.35,1.266,3.4e-06,0.361,902000.0
28250.0,0.003,226.0,0.139,2.86,6000.0,1.35,1.226,3.3e-06,0.358,904000.0
28300.0,0.003,218.0,0.144,2.86,6000.0,1.35,1.229,3.3e-06,0.363,906000.0
28350.0,0.002,223.0,0.141,2.86,6000.0,1.36,1.272,3.2e-06,0.345,907000.0
28400.0,0.003,219.0,0.143,2.86,6000.0,1.36,1.29,3.2e-06,0.361,909000.0
28450.0,0.003,220.0,0.143,2.86,6000.0,1.36,1.321,3.2e-06,0.361,910000.0
28500.0,0.003,222.0,0.141,2.86,6000.0,1.36,1.241,3.1e-06,0.359,912000.0
28550.0,0.003,220.0,0.143,2.86,6000.0,1.37,1.283,3.1e-06,0.361,914000.0
28600.0,0.003,221.0,0.142,2.86,6000.0,1.37,1.213,3e-06,0.356,915000.0
28650.0,0.005,217.0,0.142,2.86,6000.0,1.37,1.313,3e-06,0.368,917000.0
28700.0,0.006,213.0,0.144,2.86,6000.0,1.37,1.323,3e-06,0.363,918000.0
28750.0,0.003,221.0,0.142,2.86,6000.0,1.38,1.226,2.9e-06,0.362,920000.0
28800.0,0.008,208.0,0.146,2.86,6000.0,1.38,1.227,2.9e-06,0.357,922000.0
28850.0,0.005,218.0,0.142,2.86,6000.0,1.38,1.269,2.9e-06,0.353,923000.0
28900.0,0.006,211.0,0.146,2.86,6000.0,1.38,1.256,2.8e-06,0.357,925000.0
28950.0,0.006,212.0,0.145,2.86,6000.0,1.38,1.309,2.8e-06,0.361,926000.0
29000.0,0.005,216.0,0.143,2.86,6000.0,1.39,1.261,2.8e-06,0.356,928000.0
29050.0,0.006,211.0,0.146,2.86,6000.0,1.39,1.26,2.8e-06,0.36,930000.0
29100.0,0.006,214.0,0.144,2.87,6000.0,1.39,1.218,2.7e-06,0.346,931000.0
29150.0,0.003,219.0,0.143,2.86,6000.0,1.39,1.225,2.7e-06,0.351,933000.0
29200.0,0.003,223.0,0.141,2.86,6000.0,1.4,1.295,2.7e-06,0.357,934000.0
29250.0,0.007,210.0,0.145,2.86,6000.0,1.4,1.358,2.7e-06,0.35,936000.0
29300.0,0.008,206.0,0.148,2.86,6000.0,1.4,1.216,2.6e-06,0.361,938000.0
29350.0,0.002,219.0,0.144,2.86,6000.0,1.4,1.275,2.6e-06,0.363,939000.0
29400.0,0.003,221.0,0.142,2.87,6000.0,1.41,1.258,2.6e-06,0.365,941000.0
29450.0,0.003,221.0,0.142,2.86,6000.0,1.41,1.267,2.6e-06,0.364,942000.0
29500.0,0.008,208.0,0.146,2.86,6000.0,1.41,1.274,2.6e-06,0.352,944000.0
29550.0,0.004,210.0,0.149,2.86,6000.0,1.41,1.315,2.6e-06,0.357,946000.0
29600.0,0.003,224.0,0.14,2.86,6000.0,1.42,1.33,2.5e-06,0.36,947000.0
29650.0,0.003,213.0,0.147,2.86,6000.0,1.42,1.323,2.5e-06,0.36,949000.0
29700.0,0.003,219.0,0.143,2.86,6000.0,1.42,1.255,2.5e-06,0.358,950000.0
29750.0,0.003,218.0,0.144,2.86,6000.0,1.42,1.217,2.5e-06,0.353,952000.0
29800.0,0.003,221.0,0.142,2.86,6000.0,1.43,1.249,2.5e-06,0.349,954000.0
29850.0,0.003,224.0,0.14,2.86,6000.0,1.43,1.247,2.5e-06,0.356,955000.0
29900.0,0.003,218.0,0.144,2.86,6000.0,1.43,1.287,2.5e-06,0.36,957000.0
29950.0,0.003,219.0,0.144,2.86,6000.0,1.43,1.28,2.5e-06,0.355,958000.0
30000.0,0.003,217.0,0.145,2.86,6000.0,1.43,1.249,2.5e-06,0.359,960000.0
